{
    "Klasa 0": {
        "precision": 0.9968602825745683,
        "recall": 0.9491778774289985,
        "f1-score": 0.9724349157733537,
        "support": 1338.0
    },
    "Klasa 1": {
        "precision": 0.9603174603174603,
        "recall": 1.0,
        "f1-score": 0.979757085020243,
        "support": 847.0
    },
    "Klasa 2": {
        "precision": 0.8346456692913385,
        "recall": 0.9380530973451328,
        "f1-score": 0.8833333333333333,
        "support": 339.0
    },
    "Klasa 3": {
        "precision": 0.9695024077046549,
        "recall": 0.9526813880126183,
        "f1-score": 0.9610182975338106,
        "support": 634.0
    },
    "Klasa 4": {
        "precision": 0.9930966469428008,
        "recall": 0.9729468599033816,
        "f1-score": 0.9829184968277208,
        "support": 1035.0
    },
    "Klasa 5": {
        "precision": 0.7870370370370371,
        "recall": 0.8614864864864865,
        "f1-score": 0.8225806451612904,
        "support": 592.0
    },
    "Klasa 6": {
        "precision": 0.9466666666666667,
        "recall": 0.9581646423751687,
        "f1-score": 0.9523809523809523,
        "support": 741.0
    },
    "Klasa 7": {
        "precision": 0.8501362397820164,
        "recall": 0.7410926365795725,
        "f1-score": 0.7918781725888325,
        "support": 421.0
    },
    "Klasa 8": {
        "precision": 0.9629331184528606,
        "recall": 0.9691808596918086,
        "f1-score": 0.9660468876313663,
        "support": 1233.0
    },
    "accuracy": 0.9433147632311978,
    "macro avg": {
        "precision": 0.922355058752156,
        "recall": 0.926975983091463,
        "f1-score": 0.9235943095834336,
        "support": 7180.0
    },
    "weighted avg": {
        "precision": 0.9450225909276473,
        "recall": 0.9433147632311978,
        "f1-score": 0.9434856495723067,
        "support": 7180.0
    }
}