{
    "Klasa 0": {
        "precision": 0.9914728682170543,
        "recall": 0.9559043348281017,
        "f1-score": 0.9733637747336378,
        "support": 1338.0
    },
    "Klasa 1": {
        "precision": 0.9882903981264637,
        "recall": 0.9964580873671782,
        "f1-score": 0.9923574368018813,
        "support": 847.0
    },
    "Klasa 2": {
        "precision": 0.8474114441416893,
        "recall": 0.9174041297935103,
        "f1-score": 0.8810198300283286,
        "support": 339.0
    },
    "Klasa 3": {
        "precision": 0.9637795275590552,
        "recall": 0.9652996845425867,
        "f1-score": 0.9645390070921985,
        "support": 634.0
    },
    "Klasa 4": {
        "precision": 0.9911154985192497,
        "recall": 0.970048309178744,
        "f1-score": 0.98046875,
        "support": 1035.0
    },
    "Klasa 5": {
        "precision": 0.7888563049853372,
        "recall": 0.9087837837837838,
        "f1-score": 0.8445839874411303,
        "support": 592.0
    },
    "Klasa 6": {
        "precision": 0.9384010484927916,
        "recall": 0.9662618083670715,
        "f1-score": 0.9521276595744681,
        "support": 741.0
    },
    "Klasa 7": {
        "precision": 0.8409090909090909,
        "recall": 0.7909738717339667,
        "f1-score": 0.8151774785801713,
        "support": 421.0
    },
    "Klasa 8": {
        "precision": 0.9889830508474576,
        "recall": 0.9464720194647201,
        "f1-score": 0.967260671363448,
        "support": 1233.0
    },
    "accuracy": 0.9476323119777159,
    "macro avg": {
        "precision": 0.9265799146442433,
        "recall": 0.9352895587844069,
        "f1-score": 0.9300998439572515,
        "support": 7180.0
    },
    "weighted avg": {
        "precision": 0.95035972762445,
        "recall": 0.9476323119777159,
        "f1-score": 0.948356341403074,
        "support": 7180.0
    }
}