{
    "train_loss": [
        0.15814307160701024,
        0.07931235620321563,
        0.06782623230808284,
        0.05324957292169151,
        0.0408269540235227
    ],
    "train_acc": [
        0.94808658162585,
        0.9739432863682831,
        0.9778545713142807,
        0.9824214409529313,
        0.9863105026890084
    ],
    "val_loss": [
        0.2116417232059279,
        0.35643647320982647,
        0.10305883438854825,
        0.06644184757820944,
        0.08494732759577162
    ],
    "val_acc": [
        0.9351259496201519,
        0.903938424630148,
        0.9685125949620151,
        0.9785085965613755,
        0.9724110355857657
    ]
}