{
    "train_loss": [
        2.380606614694028,
        2.215842878518091,
        2.1807277241443663,
        2.1149098779992097,
        2.20128555336848
    ],
    "train_acc": [
        0.31394728654606874,
        0.33247033201475623,
        0.3459931552513445,
        0.3509489310636028,
        0.3501155606915863
    ],
    "val_loss": [
        2.430494374153567,
        2.2971817427089527,
        2.3818207327626504,
        2.0854718556455594,
        2.6896034477711295
    ],
    "val_acc": [
        0.2512994802079168,
        0.31347461015593764,
        0.2896841263494602,
        0.32626949220311874,
        0.24970011995201918
    ]
}