{
    "train_loss": [
        0.15107799825276808,
        0.06142178754799048,
        0.04855701937023743,
        0.04491364407796474,
        0.041450598404851935
    ],
    "train_acc": [
        0.9525645584248189,
        0.9803546824303302,
        0.9845659807102538,
        0.9859660429352416,
        0.9865660696030935
    ],
    "val_loss": [
        0.11191767613879773,
        0.08319547330601842,
        0.10908226076768981,
        0.39719309829702765,
        0.039519821719282484
    ],
    "val_acc": [
        0.963014794082367,
        0.9732107157137145,
        0.9716113554578168,
        0.9066373450619752,
        0.9876049580167933
    ]
}