{
    "train_loss": [
        0.15087638818688898,
        0.07092377581266919,
        0.04781830819039945,
        0.053388801910709376,
        0.042835942372799585
    ],
    "train_acc": [
        0.9530090226232277,
        0.977165651806747,
        0.9847993244144184,
        0.9825436686074936,
        0.9859549313302813
    ],
    "val_loss": [
        0.12748383087475076,
        0.07703232934779641,
        0.18261674174019357,
        0.21716064352933906,
        0.1145706389610265
    ],
    "val_acc": [
        0.9616153538584566,
        0.976609356257497,
        0.9407237105157937,
        0.9498200719712115,
        0.9664134346261496
    ]
}