{
    "train_loss": [
        0.21528603671481808,
        0.11545735212315549,
        0.08013678153645563,
        0.07423852503532678,
        0.05260613432785814
    ],
    "train_acc": [
        0.9294968665274013,
        0.9620316458509267,
        0.9738210587137206,
        0.9753877950131117,
        0.9825770034223743
    ],
    "val_loss": [
        0.17211599440061776,
        0.178747313567063,
        0.23870214869360215,
        0.21698002453360174,
        0.4320722474295442
    ],
    "val_acc": [
        0.9415233906437425,
        0.9435225909636146,
        0.9257297081167533,
        0.9341263494602159,
        0.9196321471411435
    ]
}