{
    "train_loss": [
        0.7411323776880504,
        0.3759372373348692,
        0.2809909788160739,
        0.2222671950764729,
        0.18776353242619948
    ],
    "train_acc": [
        0.7330103560158229,
        0.8725610027112316,
        0.9080292457442553,
        0.9289635094893106,
        0.9399862216098493
    ],
    "val_loss": [
        0.40206490500551945,
        0.47409824727297495,
        0.2653269427018564,
        0.2875060366659534,
        0.2206684042279218
    ],
    "val_acc": [
        0.8650539784086365,
        0.8386645341863255,
        0.9135345861655337,
        0.9116353458616553,
        0.9249300279888045
    ]
}