{
    "0": 0.005991678684949875,
    "1": 0.9230103492736816,
    "2": 0.046675097197294235,
    "3": 0.02346736378967762,
    "4": 0.016795121133327484,
    "5": 0.00839222501963377,
    "6": 0.01926296018064022,
    "7": 0.00849539041519165,
    "8": 0.22443360090255737
}